year,site,county,plot,cultivar,transplant_source,wetness_hours,mean_temp_c,max_temp_c,rain_mm,inoculum_log,soil_ph,dist_to_road_m,final_severity,audpc
2016,S01,Manatee,S01-2016-P1,Sebring,regional,347.9,22.92,29.46,427.5,2.62,6.46,382.0,86.18,995.9
2016,S01,Manatee,S01-2016-P2,Sebring,certified,359.0,23.76,31.35,473.4,0.49,6.11,490.0,38.17,445.7
2016,S01,Manatee,S01-2016-P3,Sanibel,on-farm,379.4,22.09,28.8,511.1,2.2,6.43,54.0,26.2,276.5
2016,S01,Manatee,S01-2016-P4,Tygress,certified,360.8,23.92,31.53,410.0,2.98,6.62,167.0,79.07,785.6
2016,S01,Manatee,S01-2016-P5,Tygress,on-farm,386.9,22.93,29.98,614.7,2.89,6.04,103.0,64.9,725.9
2016,S01,Manatee,S01-2016-P6,Sebring,on-farm,354.7,23.13,30.62,361.6,3.17,6.5,84.0,93.03,961.6
2016,S02,Manatee,S02-2016-P1,HM-1823,regional,313.3,22.74,29.52,241.0,3.87,6.71,349.0,59.13,589.5
2016,S02,Manatee,S02-2016-P2,Sebring,on-farm,357.4,23.69,30.58,377.3,2.45,6.86,729.0,47.46,556.9
2016,S02,Manatee,S02-2016-P3,FL-8000,certified,294.7,23.12,30.03,172.1,,6.21,692.0,67.18,739.5
2016,S02,Manatee,S02-2016-P4,FL-8000,certified,311.3,23.34,29.9,633.2,3.45,5.42,822.0,67.88,845.6
2016,S02,Manatee,S02-2016-P5,Sebring,regional,332.4,23.12,28.95,456.5,3.56,7.34,67.0,60.37,807.8
2016,S02,Manatee,S02-2016-P6,Sebring,regional,283.5,23.55,30.18,218.0,1.96,6.79,472.0,27.56,386.7
2016,S03,Hillsborough,S03-2016-P1,HM-1823,certified,309.1,23.21,29.8,438.8,3.0,6.57,279.0,23.85,253.1
2016,S03,Hillsborough,S03-2016-P2,Sanibel,certified,308.0,23.47,29.74,279.8,3.0,6.38,236.0,43.65,394.2
2016,S03,Hillsborough,S03-2016-P3,Sanibel,certified,312.9,23.54,29.98,85.6,2.82,6.05,238.0,16.01,160.2
2016,S03,Hillsborough,S03-2016-P4,HM-1823,certified,296.2,22.9,29.39,254.5,4.08,6.1,312.0,37.46,464.9
2016,S03,Hillsborough,S03-2016-P5,Sebring,on-farm,322.3,23.48,30.32,425.4,2.02,5.98,520.0,79.18,978.8
2016,S03,Hillsborough,S03-2016-P6,FL-8000,certified,296.4,23.0,29.82,156.3,3.81,6.44,398.0,37.0,488.0
2016,S04,Hillsborough,S04-2016-P1,FL-8000,certified,356.2,24.1,31.17,553.6,3.13,6.37,679.0,32.41,356.5
2016,S04,Hillsborough,S04-2016-P2,Tygress,on-farm,347.5,23.71,31.28,477.3,3.37,7.0,617.0,75.6,836.4
2016,S04,Hillsborough,S04-2016-P3,Sanibel,regional,353.1,22.98,30.73,432.8,3.06,5.98,308.0,53.62,714.9
2016,S04,Hillsborough,S04-2016-P4,HM-1823,certified,365.1,24.25,30.99,401.1,3.88,6.67,359.0,61.86,672.3
2016,S04,Hillsborough,S04-2016-P5,Sanibel,on-farm,364.4,23.53,30.18,314.7,2.88,6.03,860.0,23.2,245.8
2016,S04,Hillsborough,S04-2016-P6,Sebring,certified,346.1,23.17,30.54,502.5,1.34,6.34,800.0,29.43,343.3
2016,S05,Collier,S05-2016-P1,FL-8000,certified,315.5,21.4,28.8,205.3,1.04,6.27,692.0,9.47,89.1
2016,S05,Collier,S05-2016-P2,Sebring,regional,333.4,21.5,29.29,391.7,2.62,6.17,508.0,59.36,544.0
2016,S05,Collier,S05-2016-P3,Sanibel,on-farm,324.1,22.08,29.5,413.4,2.44,6.51,592.0,47.25,527.0
2016,S05,Collier,S05-2016-P4,FL-8000,regional,321.5,21.53,29.06,281.8,2.61,5.42,125.0,28.34,320.5
2016,S05,Collier,S05-2016-P5,HM-1823,on-farm,322.2,21.67,28.36,327.0,2.3,6.16,584.0,28.36,278.2
2016,S05,Collier,S05-2016-P6,Sanibel,on-farm,314.4,22.25,29.01,549.6,2.74,5.89,858.0,24.85,229.6
2016,S06,Collier,S06-2016-P1,Tygress,on-farm,304.1,23.55,30.08,166.7,2.16,6.4,505.0,44.83,533.9
2016,S06,Collier,S06-2016-P2,FL-8000,on-farm,297.3,22.5,29.23,263.2,3.01,6.74,793.0,49.43,656.9
2016,S06,Collier,S06-2016-P3,FL-8000,regional,311.6,22.59,30.46,373.7,3.52,6.18,772.0,20.0,220.8
2016,S06,Collier,S06-2016-P4,HM-1823,certified,306.3,22.73,29.54,452.0,3.01,6.09,55.0,54.47,591.2
2016,S06,Collier,S06-2016-P5,Sanibel,certified,299.3,23.5,29.77,357.5,2.13,6.82,185.0,45.8,530.1
2016,S06,Collier,S06-2016-P6,Sanibel,certified,311.9,23.35,30.3,362.2,2.18,6.2,99.0,14.71,144.8
2016,S07,Miami-Dade,S07-2016-P1,FL-8000,regional,381.6,22.36,28.62,478.4,3.04,6.53,729.0,64.34,829.1
2016,S07,Miami-Dade,S07-2016-P2,Sanibel,on-farm,322.1,21.56,28.56,372.4,2.65,6.5,366.0,46.85,551.5
2016,S07,Miami-Dade,S07-2016-P3,HM-1823,certified,324.1,23.31,30.05,220.0,3.31,7.73,860.0,22.67,247.8
2016,S07,Miami-Dade,S07-2016-P4,Tygress,certified,347.8,22.66,29.11,566.5,2.29,6.17,390.0,22.73,264.1
2016,S07,Miami-Dade,S07-2016-P5,Sanibel,regional,314.3,22.6,29.79,452.8,3.38,6.83,885.0,32.5,397.0
2016,S07,Miami-Dade,S07-2016-P6,FL-8000,certified,342.6,22.73,29.22,236.5,,6.17,110.0,28.31,273.7
2016,S08,Miami-Dade,S08-2016-P1,Tygress,on-farm,315.0,21.81,28.71,416.7,1.84,6.58,807.0,39.0,486.4
2016,S08,Miami-Dade,S08-2016-P2,Sebring,regional,321.6,22.51,30.11,384.6,2.87,6.17,266.0,36.0,387.5
2016,S08,Miami-Dade,S08-2016-P3,FL-8000,certified,314.3,21.98,28.85,327.9,2.21,6.29,694.0,17.79,195.4
2016,S08,Miami-Dade,S08-2016-P4,Sanibel,regional,328.1,21.92,29.14,303.5,1.61,6.28,289.0,35.71,374.2
2016,S08,Miami-Dade,S08-2016-P5,Sebring,regional,338.2,22.59,29.47,525.8,3.0,6.16,801.0,30.83,347.8
2016,S08,Miami-Dade,S08-2016-P6,Sanibel,on-farm,338.2,22.4,29.02,439.2,3.82,6.13,55.0,50.22,640.3
2017,S01,Manatee,S01-2017-P1,Sanibel,certified,376.5,25.68,33.2,432.5,3.14,6.41,29.0,59.02,721.2
2017,S01,Manatee,S01-2017-P2,Tygress,certified,369.2,25.7,33.57,317.9,2.81,6.8,287.0,32.5,335.9
2017,S01,Manatee,S01-2017-P3,FL-8000,on-farm,392.5,25.92,32.55,498.7,2.49,6.36,256.0,88.66,845.0
2017,S01,Manatee,S01-2017-P4,Sebring,on-farm,337.1,26.86,33.81,380.1,2.28,6.2,631.0,90.3,1090.7
2017,S01,Manatee,S01-2017-P5,Sebring,certified,383.1,26.35,34.16,531.8,4.26,6.84,323.0,91.84,1004.9
2017,S01,Manatee,S01-2017-P6,HM-1823,on-farm,388.9,26.81,32.78,257.1,3.48,6.49,162.0,57.83,635.2
2017,S02,Manatee,S02-2017-P1,FL-8000,on-farm,362.9,25.4,32.47,480.1,3.89,5.96,317.0,80.49,773.5
2017,S02,Manatee,S02-2017-P2,Sanibel,certified,331.8,25.17,32.2,307.9,2.33,6.68,458.0,43.25,517.3
2017,S02,Manatee,S02-2017-P3,Sebring,on-farm,324.4,24.18,31.27,214.6,3.69,6.05,649.0,77.59,880.4
2017,S02,Manatee,S02-2017-P4,FL-8000,on-farm,342.2,25.28,31.94,397.4,2.78,5.85,587.0,89.78,855.9
2017,S02,Manatee,S02-2017-P5,Sebring,on-farm,387.9,25.65,32.74,504.2,,7.13,459.0,68.2,733.0
2017,S02,Manatee,S02-2017-P6,Tygress,certified,382.0,25.03,31.38,586.4,2.77,6.22,635.0,34.94,332.3
2017,S03,Hillsborough,S03-2017-P1,Tygress,regional,326.7,26.31,33.16,524.9,2.54,6.83,537.0,67.15,808.4
2017,S03,Hillsborough,S03-2017-P2,Tygress,certified,332.4,26.09,32.82,304.7,4.37,6.45,334.0,88.8,1209.1
2017,S03,Hillsborough,S03-2017-P3,Sanibel,certified,351.5,26.25,33.12,482.2,2.07,6.33,889.0,46.92,546.3
2017,S03,Hillsborough,S03-2017-P4,Tygress,regional,348.2,25.42,31.91,473.6,3.52,6.43,107.0,94.77,1152.4
2017,S03,Hillsborough,S03-2017-P5,FL-8000,certified,318.7,25.92,32.61,378.1,3.24,5.82,171.0,44.88,437.9
2017,S03,Hillsborough,S03-2017-P6,Tygress,certified,349.4,25.78,31.91,522.7,2.33,6.73,87.0,53.92,530.5
2017,S04,Hillsborough,S04-2017-P1,Sebring,regional,356.9,25.58,31.84,519.6,3.58,5.84,81.0,47.75,533.2
2017,S04,Hillsborough,S04-2017-P2,FL-8000,regional,384.8,26.18,32.85,420.9,3.36,6.71,628.0,64.7,752.9
2017,S04,Hillsborough,S04-2017-P3,HM-1823,regional,354.9,26.22,33.19,384.9,,7.11,719.0,47.18,545.5
2017,S04,Hillsborough,S04-2017-P4,FL-8000,certified,386.9,27.03,34.45,416.7,4.9,6.16,592.0,88.87,979.4
2017,S04,Hillsborough,S04-2017-P5,FL-8000,regional,370.0,25.81,31.5,494.2,4.9,5.91,646.0,89.95,1016.2
2017,S04,Hillsborough,S04-2017-P6,FL-8000,regional,356.5,26.46,33.22,171.6,2.56,6.49,350.0,69.34,846.2
2017,S05,Collier,S05-2017-P1,Sebring,on-farm,329.1,26.69,33.63,409.9,2.54,6.15,691.0,72.68,990.5
2017,S05,Collier,S05-2017-P2,Sanibel,certified,297.3,25.25,32.22,133.9,4.31,6.29,742.0,51.71,621.8
2017,S05,Collier,S05-2017-P3,Sebring,regional,364.3,26.4,33.21,237.1,2.76,6.23,578.0,53.2,534.5
2017,S05,Collier,S05-2017-P4,FL-8000,on-farm,316.9,25.48,32.31,352.8,3.26,5.87,284.0,73.79,886.0
2017,S05,Collier,S05-2017-P5,FL-8000,certified,281.1,26.81,33.54,242.2,2.92,6.01,86.0,77.98,784.8
2017,S05,Collier,S05-2017-P6,HM-1823,regional,291.4,26.52,33.73,408.5,3.25,5.8,30.0,73.8,826.1
2017,S06,Collier,S06-2017-P1,Tygress,certified,308.0,26.86,33.04,116.8,3.98,6.62,282.0,47.08,515.9
2017,S06,Collier,S06-2017-P2,FL-8000,regional,322.2,25.27,31.44,313.8,3.18,6.4,346.0,74.46,855.5
2017,S06,Collier,S06-2017-P3,Tygress,on-farm,347.0,26.4,33.41,341.0,3.94,6.56,48.0,87.02,1027.5
2017,S06,Collier,S06-2017-P4,FL-8000,certified,361.0,26.67,33.58,3.5,1.5,6.36,844.0,52.02,621.8
2017,S06,Collier,S06-2017-P5,Sebring,certified,351.3,25.96,33.15,420.4,2.54,7.15,239.0,59.34,672.3
2017,S06,Collier,S06-2017-P6,FL-8000,regional,327.6,26.44,32.23,489.7,5.04,6.6,694.0,76.12,833.5
2017,S07,Miami-Dade,S07-2017-P1,Sanibel,regional,348.6,27.47,34.41,531.7,3.26,6.57,375.0,70.28,833.1
2017,S07,Miami-Dade,S07-2017-P2,Sanibel,certified,392.5,28.01,34.28,361.1,2.83,6.13,767.0,86.93,995.8
2017,S07,Miami-Dade,S07-2017-P3,FL-8000,certified,409.3,27.95,34.03,565.0,2.56,6.35,488.0,86.75,1009.3
2017,S07,Miami-Dade,S07-2017-P4,FL-8000,on-farm,385.2,27.33,33.32,213.5,2.51,6.68,783.0,81.32,956.8
2017,S07,Miami-Dade,S07-2017-P5,Sanibel,regional,362.5,27.09,33.44,371.8,2.84,6.1,467.0,87.81,955.0
2017,S07,Miami-Dade,S07-2017-P6,FL-8000,certified,357.7,26.78,32.9,519.8,2.51,6.87,327.0,67.96,749.0
2017,S08,Miami-Dade,S08-2017-P1,FL-8000,certified,322.7,26.14,34.01,432.2,2.3,6.9,631.0,71.65,712.6
2017,S08,Miami-Dade,S08-2017-P2,Tygress,regional,343.1,25.31,30.98,308.3,2.21,6.21,632.0,52.13,545.9
2017,S08,Miami-Dade,S08-2017-P3,Sanibel,on-farm,371.9,25.31,32.03,469.7,3.72,5.76,355.0,95.65,1118.9
2017,S08,Miami-Dade,S08-2017-P4,Tygress,on-farm,358.4,25.73,32.12,260.2,3.73,6.12,723.0,75.65,953.3
2017,S08,Miami-Dade,S08-2017-P5,FL-8000,on-farm,354.9,26.08,32.68,582.4,2.35,7.05,586.0,40.53,499.5
2017,S08,Miami-Dade,S08-2017-P6,Sanibel,regional,352.3,25.94,32.66,258.7,3.78,6.8,116.0,18.19,203.6
2018,S01,Manatee,S01-2018-P1,FL-8000,regional,280.6,22.21,29.59,283.1,3.68,6.35,143.0,35.65,371.5
2018,S01,Manatee,S01-2018-P2,Sanibel,certified,300.4,23.7,30.96,353.4,4.08,5.73,650.0,87.1,966.0
2018,S01,Manatee,S01-2018-P3,Tygress,on-farm,291.1,24.32,31.55,170.0,3.59,7.42,472.0,54.85,648.2
2018,S01,Manatee,S01-2018-P4,FL-8000,regional,295.1,23.98,29.8,220.3,3.01,6.54,581.0,61.9,667.3
2018,S01,Manatee,S01-2018-P5,FL-8000,regional,309.6,23.96,30.63,257.4,4.14,6.59,787.0,68.46,752.1
2018,S01,Manatee,S01-2018-P6,Sanibel,regional,255.6,23.52,30.43,328.9,3.34,6.64,745.0,40.75,483.6
2018,S02,Manatee,S02-2018-P1,FL-8000,on-farm,272.0,25.14,31.66,249.0,2.91,6.17,41.0,71.84,785.7
2018,S02,Manatee,S02-2018-P2,Sanibel,regional,260.4,24.99,32.69,352.2,4.44,6.39,267.0,53.1,653.5
2018,S02,Manatee,S02-2018-P3,Sebring,regional,265.3,23.64,30.57,219.1,2.86,5.97,844.0,40.29,422.2
2018,S02,Manatee,S02-2018-P4,Sanibel,regional,245.0,24.22,30.98,282.5,3.65,6.34,865.0,24.09,288.0
2018,S02,Manatee,S02-2018-P5,HM-1823,certified,230.4,24.47,30.65,209.9,2.03,6.64,683.0,68.89,836.4
2018,S02,Manatee,S02-2018-P6,FL-8000,certified,230.1,24.87,33.55,296.4,4.79,6.36,502.0,36.24,429.3
2018,S03,Hillsborough,S03-2018-P1,HM-1823,regional,291.7,24.2,30.84,311.1,3.19,6.56,138.0,73.48,835.1
2018,S03,Hillsborough,S03-2018-P2,FL-8000,certified,258.9,23.8,31.3,244.0,4.13,6.0,426.0,79.48,852.5
2018,S03,Hillsborough,S03-2018-P3,Sanibel,certified,279.1,22.94,30.12,394.0,3.21,6.21,597.0,78.45,898.2
2018,S03,Hillsborough,S03-2018-P4,Sanibel,regional,253.3,24.1,30.77,171.4,3.1,6.7,359.0,18.77,220.8
2018,S03,Hillsborough,S03-2018-P5,HM-1823,on-farm,267.5,23.27,30.26,144.9,2.34,6.56,678.0,49.42,588.1
2018,S03,Hillsborough,S03-2018-P6,FL-8000,regional,279.6,23.73,31.39,406.3,2.28,6.81,671.0,75.92,964.4
2018,S04,Hillsborough,S04-2018-P1,Tygress,on-farm,256.1,26.53,33.01,301.4,2.84,7.13,327.0,60.11,693.6
2018,S04,Hillsborough,S04-2018-P2,HM-1823,on-farm,276.5,25.59,31.71,158.5,4.17,6.14,767.0,56.07,658.4
2018,S04,Hillsborough,S04-2018-P3,Sanibel,regional,274.8,25.9,32.3,200.1,3.42,6.45,691.0,41.47,495.6
2018,S04,Hillsborough,S04-2018-P4,Sebring,certified,248.5,24.91,32.07,252.7,1.55,6.23,791.0,45.91,421.8
2018,S04,Hillsborough,S04-2018-P5,FL-8000,on-farm,257.9,25.52,32.35,264.7,2.35,6.4,76.0,62.16,658.2
2018,S04,Hillsborough,S04-2018-P6,Tygress,on-farm,271.0,25.22,31.83,232.6,2.94,7.04,510.0,28.35,278.3
2018,S05,Collier,S05-2018-P1,Tygress,certified,288.1,25.04,31.2,297.7,3.22,6.53,781.0,40.24,442.0
2018,S05,Collier,S05-2018-P2,Sanibel,regional,270.8,25.38,32.63,278.9,3.08,6.63,659.0,62.79,618.7
2018,S05,Collier,S05-2018-P3,FL-8000,regional,298.7,24.59,31.07,316.7,2.61,6.07,875.0,60.13,689.3
2018,S05,Collier,S05-2018-P4,Tygress,certified,282.9,24.77,31.7,262.3,2.62,6.29,286.0,19.06,228.0
2018,S05,Collier,S05-2018-P5,HM-1823,on-farm,299.4,26.12,32.69,352.6,4.01,5.81,474.0,76.2,929.1
2018,S05,Collier,S05-2018-P6,Sanibel,on-farm,250.4,25.36,32.28,187.5,2.48,6.9,401.0,26.6,277.5
2018,S06,Collier,S06-2018-P1,Sanibel,certified,303.5,24.98,32.4,176.2,3.47,6.41,35.0,60.37,663.5
2018,S06,Collier,S06-2018-P2,FL-8000,on-farm,310.5,25.19,32.85,365.0,3.11,6.13,24.0,93.83,1148.1
2018,S06,Collier,S06-2018-P3,FL-8000,on-farm,299.2,23.82,30.73,200.4,2.13,6.66,121.0,34.31,388.7
2018,S06,Collier,S06-2018-P4,Sanibel,certified,340.2,23.86,30.15,346.4,2.77,6.82,141.0,33.98,383.1
2018,S06,Collier,S06-2018-P5,FL-8000,regional,339.3,25.17,31.43,89.0,4.76,6.62,639.0,71.21,850.8
2018,S06,Collier,S06-2018-P6,FL-8000,certified,334.4,25.14,30.34,384.6,1.63,6.66,898.0,35.68,368.2
2018,S07,Miami-Dade,S07-2018-P1,HM-1823,certified,255.8,24.98,31.17,234.4,3.04,6.32,775.0,58.23,663.3
2018,S07,Miami-Dade,S07-2018-P2,HM-1823,certified,260.3,25.53,31.73,297.1,2.23,6.4,630.0,32.31,372.0
2018,S07,Miami-Dade,S07-2018-P3,FL-8000,certified,258.0,25.59,31.96,431.5,1.93,6.12,842.0,78.55,893.1
2018,S07,Miami-Dade,S07-2018-P4,FL-8000,on-farm,268.6,24.92,30.13,478.4,1.85,6.58,712.0,71.09,845.2
2018,S07,Miami-Dade,S07-2018-P5,Tygress,certified,278.7,24.19,30.9,334.5,2.95,6.64,280.0,20.25,220.0
2018,S07,Miami-Dade,S07-2018-P6,FL-8000,regional,269.2,23.99,30.81,217.0,3.85,6.25,365.0,62.77,649.1
2018,S08,Miami-Dade,S08-2018-P1,Sanibel,regional,287.1,24.41,32.1,365.1,3.47,6.04,214.0,46.36,591.4
2018,S08,Miami-Dade,S08-2018-P2,Sanibel,regional,276.5,23.78,30.39,133.6,4.89,6.62,687.0,78.9,764.3
2018,S08,Miami-Dade,S08-2018-P3,Sebring,regional,291.8,24.29,31.81,175.6,4.69,6.16,369.0,70.08,845.3
2018,S08,Miami-Dade,S08-2018-P4,FL-8000,on-farm,287.7,23.22,30.39,165.2,2.95,6.82,211.0,41.26,528.0
2018,S08,Miami-Dade,S08-2018-P5,Sanibel,regional,267.1,24.11,31.11,381.4,3.52,6.87,40.0,63.63,596.4
2018,S08,Miami-Dade,S08-2018-P6,FL-8000,certified,290.0,24.38,30.77,511.7,,6.82,112.0,86.93,878.3
2019,S01,Manatee,S01-2019-P1,FL-8000,on-farm,395.8,24.38,31.23,518.5,2.41,6.37,570.0,85.55,1129.1
2019,S01,Manatee,S01-2019-P2,FL-8000,on-farm,401.8,24.3,30.94,207.8,3.34,5.86,688.0,84.66,1086.2
2019,S01,Manatee,S01-2019-P3,FL-8000,on-farm,373.4,24.62,30.69,419.8,2.3,5.92,330.0,95.01,1112.6
2019,S01,Manatee,S01-2019-P4,Sanibel,regional,383.3,23.64,29.43,423.4,2.97,6.45,249.0,46.73,548.2
2019,S01,Manatee,S01-2019-P5,Sanibel,regional,361.3,23.75,31.17,176.9,,6.89,52.0,41.12,467.4
2019,S01,Manatee,S01-2019-P6,Sanibel,regional,377.5,24.0,32.13,285.4,2.96,5.83,561.0,40.86,586.5
2019,S02,Manatee,S02-2019-P1,FL-8000,regional,487.5,26.51,33.26,692.1,3.79,6.13,424.0,93.93,978.9
2019,S02,Manatee,S02-2019-P2,FL-8000,certified,476.1,25.45,32.36,436.2,3.76,6.4,174.0,76.55,780.6
2019,S02,Manatee,S02-2019-P3,HM-1823,certified,448.4,26.08,33.84,375.9,2.85,6.28,226.0,93.73,1170.2
2019,S02,Manatee,S02-2019-P4,Sebring,on-farm,474.9,25.2,32.2,498.4,3.99,6.5,581.0,84.89,1007.6
2019,S02,Manatee,S02-2019-P5,Sanibel,on-farm,486.0,25.07,31.89,588.8,2.35,6.54,792.0,81.94,1086.5
2019,S02,Manatee,S02-2019-P6,Sanibel,certified,445.4,25.28,32.35,224.2,2.5,5.98,612.0,76.74,964.4
2019,S03,Hillsborough,S03-2019-P1,HM-1823,certified,342.5,25.87,32.54,230.8,3.36,6.47,390.0,79.65,934.3
2019,S03,Hillsborough,S03-2019-P2,Sanibel,certified,339.8,25.08,31.84,493.7,2.88,6.35,854.0,41.35,426.8
2019,S03,Hillsborough,S03-2019-P3,FL-8000,on-farm,362.5,25.01,31.87,321.7,4.94,6.63,635.0,70.0,774.6
2019,S03,Hillsborough,S03-2019-P4,Sanibel,regional,337.6,24.78,31.21,375.3,2.93,6.39,155.0,58.66,668.5
2019,S03,Hillsborough,S03-2019-P5,FL-8000,on-farm,390.5,25.76,31.53,336.5,3.41,7.27,167.0,89.17,1172.8
2019,S03,Hillsborough,S03-2019-P6,Sebring,on-farm,316.5,24.8,31.6,243.8,2.89,5.89,571.0,45.33,519.3
2019,S04,Hillsborough,S04-2019-P1,FL-8000,regional,436.2,25.39,31.28,421.1,2.03,6.51,676.0,58.78,630.4
2019,S04,Hillsborough,S04-2019-P2,Sanibel,on-farm,417.3,24.95,31.13,230.0,4.16,6.31,343.0,45.05,413.1
2019,S04,Hillsborough,S04-2019-P3,Tygress,on-farm,428.1,25.28,31.65,659.4,2.79,6.16,48.0,51.75,579.0
2019,S04,Hillsborough,S04-2019-P4,Sanibel,certified,412.3,24.46,30.69,737.6,3.26,6.53,856.0,88.26,1002.7
2019,S04,Hillsborough,S04-2019-P5,FL-8000,certified,416.3,25.54,32.48,602.7,2.55,6.32,845.0,58.81,699.3
2019,S04,Hillsborough,S04-2019-P6,Sanibel,on-farm,427.4,24.04,30.98,588.9,3.29,6.6,441.0,70.89,879.9
2019,S05,Collier,S05-2019-P1,HM-1823,certified,395.0,24.61,32.59,227.0,2.99,5.93,251.0,49.92,532.5
2019,S05,Collier,S05-2019-P2,Sanibel,on-farm,392.4,24.72,31.25,317.5,3.72,6.33,786.0,44.26,401.0
2019,S05,Collier,S05-2019-P3,Sanibel,regional,404.4,24.71,32.01,369.0,2.42,6.07,786.0,32.95,360.1
2019,S05,Collier,S05-2019-P4,Sanibel,certified,377.5,25.27,32.39,332.6,1.94,6.23,566.0,59.18,635.2
2019,S05,Collier,S05-2019-P5,Tygress,certified,376.0,25.19,32.69,514.1,3.05,6.32,625.0,25.89,271.2
2019,S05,Collier,S05-2019-P6,HM-1823,regional,338.4,24.88,32.39,160.4,3.52,6.17,685.0,77.77,867.8
2019,S06,Collier,S06-2019-P1,Tygress,on-farm,430.5,24.53,31.59,552.6,3.18,6.12,837.0,61.72,665.9
2019,S06,Collier,S06-2019-P2,HM-1823,on-farm,407.2,24.48,31.43,566.9,3.58,5.8,63.0,95.99,1072.8
2019,S06,Collier,S06-2019-P3,HM-1823,certified,424.6,23.78,30.32,356.0,2.24,6.01,573.0,86.31,950.2
2019,S06,Collier,S06-2019-P4,Sebring,on-farm,402.9,24.65,31.41,357.6,2.39,6.38,546.0,78.1,887.6
2019,S06,Collier,S06-2019-P5,Tygress,regional,460.8,24.65,31.78,289.2,2.78,7.02,275.0,28.42,341.2
2019,S06,Collier,S06-2019-P6,FL-8000,on-farm,435.2,24.66,30.85,501.3,3.05,6.39,437.0,55.01,601.2
2019,S07,Miami-Dade,S07-2019-P1,FL-8000,certified,360.8,24.82,31.95,518.2,2.31,6.95,760.0,77.85,898.6
2019,S07,Miami-Dade,S07-2019-P2,Sanibel,certified,343.1,24.86,32.39,602.4,1.97,6.35,678.0,38.23,440.0
2019,S07,Miami-Dade,S07-2019-P3,HM-1823,regional,373.7,25.39,32.25,238.0,4.92,5.98,112.0,91.03,1170.9
2019,S07,Miami-Dade,S07-2019-P4,Sanibel,certified,350.5,25.53,32.54,88.9,3.14,6.33,444.0,36.45,413.3
2019,S07,Miami-Dade,S07-2019-P5,Sanibel,certified,351.6,24.66,31.16,610.5,3.03,6.53,338.0,64.33,585.1
2019,S07,Miami-Dade,S07-2019-P6,FL-8000,certified,337.4,24.89,31.68,337.6,4.23,6.45,486.0,56.33,723.0
2019,S08,Miami-Dade,S08-2019-P1,Sanibel,certified,367.4,24.88,32.33,218.9,3.03,6.79,25.0,36.96,368.2
2019,S08,Miami-Dade,S08-2019-P2,Sanibel,regional,398.7,24.04,30.24,512.1,4.03,6.18,459.0,74.34,801.1
2019,S08,Miami-Dade,S08-2019-P3,Tygress,regional,397.6,24.31,32.33,377.4,1.04,7.26,855.0,53.04,596.9
2019,S08,Miami-Dade,S08-2019-P4,Tygress,certified,371.9,24.46,31.29,327.7,3.09,6.43,303.0,21.89,249.0
2019,S08,Miami-Dade,S08-2019-P5,Tygress,regional,384.6,23.95,30.35,658.1,3.25,6.36,893.0,85.59,914.6
2019,S08,Miami-Dade,S08-2019-P6,HM-1823,on-farm,405.5,24.39,30.35,219.5,2.11,6.51,793.0,59.28,646.6
2020,S01,Manatee,S01-2020-P1,FL-8000,on-farm,230.3,24.71,31.3,268.2,2.84,5.74,680.0,11.66,139.3
2020,S01,Manatee,S01-2020-P2,Tygress,certified,289.2,24.27,30.4,374.3,4.28,5.75,268.0,31.73,351.5
2020,S01,Manatee,S01-2020-P3,Sanibel,on-farm,283.5,25.21,31.75,154.1,5.65,6.65,292.0,64.86,810.3
2020,S01,Manatee,S01-2020-P4,Tygress,certified,293.2,25.27,31.22,401.4,2.58,6.51,582.0,19.64,203.2
2020,S01,Manatee,S01-2020-P5,Sanibel,certified,276.3,25.52,32.4,409.7,2.28,5.9,185.0,39.14,478.6
2020,S01,Manatee,S01-2020-P6,FL-8000,regional,288.0,25.45,32.26,372.4,3.65,6.91,846.0,23.45,269.7
2020,S02,Manatee,S02-2020-P1,HM-1823,certified,219.4,24.96,31.56,278.1,3.99,7.57,103.0,66.21,734.2
2020,S02,Manatee,S02-2020-P2,Tygress,certified,221.4,25.18,32.29,303.6,,6.37,811.0,26.54,229.7
2020,S02,Manatee,S02-2020-P3,Sebring,on-farm,246.5,23.93,30.18,240.0,2.02,6.47,131.0,29.88,375.7
2020,S02,Manatee,S02-2020-P4,HM-1823,certified,203.1,22.88,29.33,81.5,2.08,6.27,864.0,12.7,150.5
2020,S02,Manatee,S02-2020-P5,Tygress,on-farm,199.9,24.63,30.65,167.8,3.03,6.53,144.0,14.02,152.0
2020,S02,Manatee,S02-2020-P6,Tygress,regional,257.9,24.68,31.0,209.0,0.75,6.26,315.0,10.37,119.5
2020,S03,Hillsborough,S03-2020-P1,Tygress,on-farm,206.0,25.47,32.28,216.0,3.81,6.69,406.0,12.57,147.6
2020,S03,Hillsborough,S03-2020-P2,FL-8000,regional,245.2,26.12,33.4,288.0,2.01,6.35,62.0,42.46,505.3
2020,S03,Hillsborough,S03-2020-P3,Sebring,certified,235.7,25.96,31.9,357.6,2.77,6.49,773.0,15.34,160.0
2020,S03,Hillsborough,S03-2020-P4,Sebring,certified,226.1,24.24,30.84,258.7,3.95,6.62,240.0,26.97,312.1
2020,S03,Hillsborough,S03-2020-P5,Sanibel,on-farm,209.8,25.6,32.2,97.0,3.97,6.05,781.0,19.26,207.2
2020,S03,Hillsborough,S03-2020-P6,FL-8000,certified,225.0,26.12,34.6,225.7,3.24,6.54,675.0,8.4,94.5
2020,S04,Hillsborough,S04-2020-P1,FL-8000,regional,218.0,24.88,31.04,229.0,4.75,6.58,137.0,51.7,581.8
2020,S04,Hillsborough,S04-2020-P2,Sebring,regional,213.7,25.49,31.54,323.1,3.07,6.26,213.0,8.34,101.8
2020,S04,Hillsborough,S04-2020-P3,Sebring,regional,217.5,25.21,32.05,194.8,2.98,6.53,483.0,32.87,326.9
2020,S04,Hillsborough,S04-2020-P4,Sebring,certified,206.0,25.42,32.19,428.9,3.03,6.31,778.0,2.03,18.8
2020,S04,Hillsborough,S04-2020-P5,FL-8000,on-farm,246.0,25.89,32.13,334.4,2.65,6.57,37.0,22.68,244.0
2020,S04,Hillsborough,S04-2020-P6,Sanibel,regional,240.4,24.7,30.98,224.7,3.92,5.99,654.0,5.22,57.3
2020,S05,Collier,S05-2020-P1,FL-8000,regional,320.9,24.69,30.96,325.6,3.21,6.39,61.0,82.64,794.4
2020,S05,Collier,S05-2020-P2,FL-8000,regional,314.5,25.06,31.23,502.4,1.56,6.63,699.0,85.24,1010.6
2020,S05,Collier,S05-2020-P3,FL-8000,on-farm,294.8,25.97,32.89,383.1,3.36,6.2,250.0,74.41,840.8
2020,S05,Collier,S05-2020-P4,Sanibel,regional,311.9,26.26,32.02,282.4,2.02,6.53,264.0,33.06,396.8
2020,S05,Collier,S05-2020-P5,FL-8000,regional,297.8,26.03,32.77,137.8,3.3,6.35,165.0,11.6,156.5
2020,S05,Collier,S05-2020-P6,Sanibel,on-farm,325.1,26.64,32.32,468.6,2.88,6.49,233.0,32.74,359.1
2020,S06,Collier,S06-2020-P1,Sanibel,on-farm,232.5,25.0,31.53,120.2,2.88,6.54,607.0,43.64,472.7
2020,S06,Collier,S06-2020-P2,Sanibel,regional,215.7,24.8,31.5,14.7,2.82,6.32,677.0,2.93,35.5
2020,S06,Collier,S06-2020-P3,Tygress,regional,194.7,24.87,31.86,244.4,3.96,5.83,136.0,16.12,154.9
2020,S06,Collier,S06-2020-P4,FL-8000,on-farm,242.8,23.83,30.84,255.1,3.38,6.9,462.0,32.27,376.6
2020,S06,Collier,S06-2020-P5,FL-8000,certified,215.5,25.09,31.32,269.3,3.01,6.66,211.0,60.64,617.6
2020,S06,Collier,S06-2020-P6,Sebring,on-farm,240.6,24.83,30.86,308.2,3.16,6.23,654.0,31.87,346.2
2020,S07,Miami-Dade,S07-2020-P1,HM-1823,certified,291.1,25.38,31.56,230.7,1.41,6.45,241.0,37.08,336.1
2020,S07,Miami-Dade,S07-2020-P2,FL-8000,on-farm,236.5,25.82,32.56,253.4,5.19,6.84,825.0,47.0,626.8
2020,S07,Miami-Dade,S07-2020-P3,Tygress,certified,237.7,25.72,32.58,71.9,2.94,6.43,873.0,21.34,242.1
2020,S07,Miami-Dade,S07-2020-P4,Sanibel,certified,220.1,25.33,32.74,242.5,2.97,6.56,829.0,15.95,185.4
2020,S07,Miami-Dade,S07-2020-P5,Sebring,certified,255.3,25.71,32.02,323.6,5.56,6.45,77.0,54.44,698.1
2020,S07,Miami-Dade,S07-2020-P6,Tygress,certified,249.5,24.98,31.89,260.8,3.27,6.76,777.0,22.41,206.9
2020,S08,Miami-Dade,S08-2020-P1,Tygress,on-farm,284.4,25.82,32.47,335.1,3.03,6.48,181.0,32.86,370.9
2020,S08,Miami-Dade,S08-2020-P2,Tygress,on-farm,267.7,25.94,31.87,190.2,3.32,6.27,637.0,19.8,257.0
2020,S08,Miami-Dade,S08-2020-P3,FL-8000,regional,301.3,24.94,31.56,210.6,1.61,6.6,778.0,11.4,142.9
2020,S08,Miami-Dade,S08-2020-P4,Tygress,certified,271.2,25.62,31.9,370.6,2.06,6.12,127.0,38.73,394.1
2020,S08,Miami-Dade,S08-2020-P5,HM-1823,regional,311.8,25.22,32.16,392.0,2.49,6.42,736.0,70.18,753.3
2020,S08,Miami-Dade,S08-2020-P6,Sanibel,regional,311.6,25.8,31.57,410.5,2.85,6.54,238.0,29.85,334.5
2021,S01,Manatee,S01-2021-P1,Sanibel,on-farm,328.3,22.99,28.71,282.0,1.88,6.21,93.0,46.51,487.2
2021,S01,Manatee,S01-2021-P2,Sanibel,on-farm,335.6,23.59,29.67,606.5,2.44,5.96,558.0,71.53,826.6
2021,S01,Manatee,S01-2021-P3,HM-1823,certified,327.0,23.65,30.84,324.6,2.69,6.47,559.0,24.26,256.0
2021,S01,Manatee,S01-2021-P4,Sanibel,certified,327.3,23.95,30.11,213.4,4.48,6.87,644.0,73.33,783.0
2021,S01,Manatee,S01-2021-P5,HM-1823,certified,322.5,23.78,30.08,338.0,2.74,5.93,460.0,60.42,700.3
2021,S01,Manatee,S01-2021-P6,FL-8000,regional,306.2,23.75,30.54,233.0,4.2,6.68,527.0,59.79,653.7
2021,S02,Manatee,S02-2021-P1,FL-8000,certified,403.3,22.88,29.48,403.4,3.63,6.32,64.0,33.18,415.5
2021,S02,Manatee,S02-2021-P2,FL-8000,regional,406.9,23.44,30.02,329.9,4.22,6.73,170.0,68.72,695.1
2021,S02,Manatee,S02-2021-P3,Sanibel,certified,413.9,22.75,30.58,438.5,2.67,6.54,575.0,57.33,685.8
2021,S02,Manatee,S02-2021-P4,Sanibel,on-farm,446.6,23.67,30.52,395.2,3.48,7.1,269.0,89.84,955.3
2021,S02,Manatee,S02-2021-P5,FL-8000,regional,356.0,23.5,29.87,254.1,4.15,5.89,148.0,39.76,538.1
2021,S02,Manatee,S02-2021-P6,HM-1823,on-farm,413.9,22.73,30.25,564.6,2.45,6.02,595.0,86.47,1119.6
2021,S03,Hillsborough,S03-2021-P1,FL-8000,certified,364.5,23.2,29.97,563.4,3.97,6.66,611.0,86.12,939.8
2021,S03,Hillsborough,S03-2021-P2,HM-1823,regional,342.4,23.64,30.89,238.5,1.97,6.52,171.0,82.83,923.6
2021,S03,Hillsborough,S03-2021-P3,FL-8000,regional,355.2,23.61,30.65,257.8,4.12,6.18,231.0,74.9,812.0
2021,S03,Hillsborough,S03-2021-P4,FL-8000,regional,320.4,22.94,30.29,329.4,3.4,6.56,711.0,76.18,878.0
2021,S03,Hillsborough,S03-2021-P5,Sanibel,certified,330.4,23.42,30.65,448.5,3.07,6.14,834.0,43.06,501.0
2021,S03,Hillsborough,S03-2021-P6,FL-8000,certified,308.6,23.46,30.0,375.4,4.5,6.72,797.0,74.74,796.3
2021,S04,Hillsborough,S04-2021-P1,Sanibel,certified,305.0,24.31,31.17,209.6,3.0,6.35,148.0,17.64,215.0
2021,S04,Hillsborough,S04-2021-P2,FL-8000,on-farm,291.9,24.19,30.36,193.0,,5.86,644.0,88.58,908.5
2021,S04,Hillsborough,S04-2021-P3,HM-1823,on-farm,336.6,23.71,30.9,201.4,2.28,6.27,177.0,35.15,371.0
2021,S04,Hillsborough,S04-2021-P4,FL-8000,certified,337.6,23.56,30.56,629.4,1.97,6.03,170.0,30.96,451.8
2021,S04,Hillsborough,S04-2021-P5,Sanibel,regional,296.3,24.29,30.9,143.6,3.38,6.17,599.0,35.36,439.0
2021,S04,Hillsborough,S04-2021-P6,Tygress,on-farm,323.9,24.09,31.44,557.9,3.09,6.14,737.0,40.71,402.1
2021,S05,Collier,S05-2021-P1,Sanibel,certified,347.5,25.72,32.18,297.6,1.98,6.03,427.0,20.51,234.3
2021,S05,Collier,S05-2021-P2,Sanibel,certified,374.7,26.31,33.41,415.6,3.21,6.33,427.0,72.99,799.0
2021,S05,Collier,S05-2021-P3,Sanibel,regional,378.4,25.38,32.9,457.9,2.66,6.04,754.0,58.34,646.1
2021,S05,Collier,S05-2021-P4,Tygress,regional,360.2,25.74,31.94,579.2,2.34,6.41,527.0,66.08,717.4
2021,S05,Collier,S05-2021-P5,Tygress,on-farm,395.1,25.08,31.84,331.8,3.19,6.06,653.0,45.39,584.7
2021,S05,Collier,S05-2021-P6,FL-8000,regional,382.6,25.5,32.37,574.2,2.66,6.2,215.0,71.84,840.6
2021,S06,Collier,S06-2021-P1,HM-1823,certified,298.9,23.82,30.56,270.9,2.07,6.53,716.0,63.66,732.2
2021,S06,Collier,S06-2021-P2,FL-8000,regional,316.1,22.4,29.42,326.5,2.7,7.0,622.0,27.87,381.1
2021,S06,Collier,S06-2021-P3,Tygress,on-farm,342.5,24.09,32.1,512.6,3.91,6.59,693.0,58.02,709.2
2021,S06,Collier,S06-2021-P4,Tygress,regional,340.1,22.63,29.92,332.6,1.72,6.31,503.0,15.44,184.4
2021,S06,Collier,S06-2021-P5,Sebring,certified,317.9,23.18,30.9,337.1,4.11,6.43,402.0,93.88,1105.5
2021,S06,Collier,S06-2021-P6,Sanibel,on-farm,327.2,23.6,30.35,447.7,3.38,6.52,576.0,81.34,907.3
2021,S07,Miami-Dade,S07-2021-P1,Sebring,on-farm,358.3,23.74,29.84,276.7,2.75,6.52,358.0,40.17,455.6
2021,S07,Miami-Dade,S07-2021-P2,HM-1823,certified,392.1,23.76,29.85,279.1,3.76,6.55,724.0,63.42,792.7
2021,S07,Miami-Dade,S07-2021-P3,Tygress,certified,393.8,22.66,28.52,454.7,4.32,6.33,716.0,42.99,533.7
2021,S07,Miami-Dade,S07-2021-P4,FL-8000,on-farm,390.7,23.11,30.46,467.4,4.22,6.74,434.0,91.43,1237.5
2021,S07,Miami-Dade,S07-2021-P5,FL-8000,on-farm,359.5,22.04,28.22,561.5,3.72,6.67,762.0,87.42,960.8
2021,S07,Miami-Dade,S07-2021-P6,FL-8000,regional,382.6,23.6,30.29,467.1,3.71,7.1,781.0,61.38,734.4
2021,S08,Miami-Dade,S08-2021-P1,Sebring,regional,305.2,23.87,29.62,347.9,1.77,6.21,802.0,45.08,579.1
2021,S08,Miami-Dade,S08-2021-P2,HM-1823,regional,334.0,23.94,31.17,428.3,3.41,6.43,453.0,91.85,843.6
2021,S08,Miami-Dade,S08-2021-P3,Sebring,on-farm,297.0,23.39,30.15,298.8,4.12,6.21,400.0,90.55,1124.0
2021,S08,Miami-Dade,S08-2021-P4,Sanibel,regional,287.1,24.07,30.81,435.3,2.86,6.5,533.0,22.38,214.7
2021,S08,Miami-Dade,S08-2021-P5,FL-8000,regional,326.0,24.38,31.3,325.0,1.94,6.44,598.0,27.0,300.9
2021,S08,Miami-Dade,S08-2021-P6,FL-8000,on-farm,296.8,23.28,29.93,372.6,2.86,6.51,510.0,80.25,942.4
2022,S01,Manatee,S01-2022-P1,Sanibel,certified,346.8,23.34,31.14,333.8,2.42,5.9,165.0,29.76,243.5
2022,S01,Manatee,S01-2022-P2,Tygress,regional,357.2,22.27,29.28,294.8,3.64,6.7,811.0,24.68,294.1
2022,S01,Manatee,S01-2022-P3,FL-8000,on-farm,334.1,23.79,29.61,341.6,1.58,6.42,831.0,44.92,429.2
2022,S01,Manatee,S01-2022-P4,Tygress,certified,331.6,23.56,30.21,245.5,3.17,6.13,461.0,31.88,376.7
2022,S01,Manatee,S01-2022-P5,FL-8000,certified,394.7,23.03,28.98,487.3,3.49,6.26,260.0,75.98,950.7
2022,S01,Manatee,S01-2022-P6,FL-8000,regional,321.3,22.39,27.75,378.2,4.62,6.47,314.0,52.84,529.2
2022,S02,Manatee,S02-2022-P1,FL-8000,regional,324.3,22.5,29.05,332.3,0.96,6.62,652.0,35.65,399.3
2022,S02,Manatee,S02-2022-P2,FL-8000,on-farm,368.8,22.31,29.12,395.1,3.0,6.57,148.0,58.48,648.0
2022,S02,Manatee,S02-2022-P3,Sebring,regional,331.4,23.11,28.86,262.3,2.83,7.19,136.0,22.43,297.9
2022,S02,Manatee,S02-2022-P4,HM-1823,on-farm,343.1,22.23,29.26,575.7,2.81,6.91,239.0,58.05,709.7
2022,S02,Manatee,S02-2022-P5,Sanibel,on-farm,326.6,23.29,29.92,214.9,2.88,6.98,85.0,26.56,271.6
2022,S02,Manatee,S02-2022-P6,FL-8000,certified,357.1,22.01,29.89,347.3,1.76,6.3,222.0,44.82,484.1
2022,S03,Hillsborough,S03-2022-P1,Sebring,regional,395.9,21.8,28.79,546.1,2.34,6.73,372.0,62.67,734.7
2022,S03,Hillsborough,S03-2022-P2,FL-8000,regional,389.3,21.73,28.28,272.4,3.54,7.07,465.0,27.41,311.3
2022,S03,Hillsborough,S03-2022-P3,HM-1823,regional,348.1,21.97,29.42,357.2,3.02,6.28,181.0,74.06,1069.0
2022,S03,Hillsborough,S03-2022-P4,Tygress,certified,396.1,22.82,30.19,435.7,2.33,6.3,167.0,59.19,736.5
2022,S03,Hillsborough,S03-2022-P5,HM-1823,certified,380.9,21.93,30.06,398.5,3.61,6.33,288.0,63.94,797.6
2022,S03,Hillsborough,S03-2022-P6,FL-8000,regional,365.7,21.12,28.2,262.4,4.02,6.63,192.0,72.29,723.1
2022,S04,Hillsborough,S04-2022-P1,Sanibel,certified,387.0,21.56,27.9,348.7,2.74,6.17,825.0,15.92,186.5
2022,S04,Hillsborough,S04-2022-P2,Tygress,on-farm,421.3,21.26,28.77,425.9,3.11,6.73,566.0,13.64,153.1
2022,S04,Hillsborough,S04-2022-P3,HM-1823,certified,413.6,22.0,28.67,412.8,4.06,6.09,363.0,24.61,318.6
2022,S04,Hillsborough,S04-2022-P4,Sebring,certified,390.8,20.73,27.16,357.9,3.73,6.54,702.0,39.71,455.2
2022,S04,Hillsborough,S04-2022-P5,FL-8000,regional,397.0,20.49,28.03,270.9,2.95,6.47,825.0,25.06,246.5
2022,S04,Hillsborough,S04-2022-P6,Tygress,certified,415.2,21.75,28.43,536.1,3.68,6.09,61.0,29.51,313.7
2022,S05,Collier,S05-2022-P1,Sebring,on-farm,339.8,22.17,29.8,364.9,2.16,6.22,458.0,15.23,189.8
2022,S05,Collier,S05-2022-P2,FL-8000,certified,315.5,22.7,30.46,261.3,3.56,6.29,433.0,54.4,628.7
2022,S05,Collier,S05-2022-P3,Tygress,regional,315.6,22.44,28.97,426.0,3.93,6.53,335.0,56.99,710.2
2022,S05,Collier,S05-2022-P4,FL-8000,on-farm,335.1,22.63,29.98,183.8,3.07,6.46,880.0,56.2,445.2
2022,S05,Collier,S05-2022-P5,FL-8000,regional,282.2,22.59,29.02,159.2,4.0,5.99,614.0,59.07,674.9
2022,S05,Collier,S05-2022-P6,HM-1823,regional,347.8,22.38,28.02,414.9,2.29,7.05,848.0,35.65,443.5
2022,S06,Collier,S06-2022-P1,FL-8000,certified,376.3,21.89,28.29,586.7,4.75,6.07,645.0,68.47,829.5
2022,S06,Collier,S06-2022-P2,FL-8000,regional,353.0,22.6,29.33,553.3,3.38,6.5,91.0,57.19,686.4
2022,S06,Collier,S06-2022-P3,Sanibel,on-farm,334.4,22.77,29.32,628.5,3.37,6.51,845.0,75.85,810.6
2022,S06,Collier,S06-2022-P4,Sebring,certified,351.0,22.68,29.48,193.6,2.19,7.07,253.0,9.96,103.7
2022,S06,Collier,S06-2022-P5,Sanibel,regional,335.3,22.31,28.67,318.4,2.96,6.34,773.0,24.96,288.1
2022,S06,Collier,S06-2022-P6,Tygress,certified,345.1,22.88,29.29,367.8,3.15,6.59,115.0,13.16,141.6
2022,S07,Miami-Dade,S07-2022-P1,FL-8000,on-farm,347.7,21.97,29.02,301.1,4.84,5.98,690.0,37.3,452.6
2022,S07,Miami-Dade,S07-2022-P2,Sanibel,certified,342.4,22.08,29.51,124.3,2.43,6.67,392.0,3.43,35.2
2022,S07,Miami-Dade,S07-2022-P3,FL-8000,regional,344.1,21.65,29.19,192.5,4.01,6.46,117.0,39.99,538.0
2022,S07,Miami-Dade,S07-2022-P4,FL-8000,certified,337.8,22.94,29.71,303.2,4.01,6.12,548.0,59.11,823.6
2022,S07,Miami-Dade,S07-2022-P5,Tygress,regional,324.2,21.36,28.2,244.9,2.08,6.49,347.0,8.42,90.0
2022,S07,Miami-Dade,S07-2022-P6,Tygress,certified,342.8,21.8,28.12,528.3,1.27,6.38,267.0,18.29,197.5
2022,S08,Miami-Dade,S08-2022-P1,Sebring,certified,370.5,21.72,29.08,351.0,4.7,6.88,881.0,63.01,682.1
2022,S08,Miami-Dade,S08-2022-P2,Sanibel,on-farm,323.6,21.87,28.37,403.4,4.17,6.46,142.0,27.02,275.6
2022,S08,Miami-Dade,S08-2022-P3,HM-1823,certified,343.6,21.67,29.66,206.9,2.5,6.52,838.0,41.29,516.5
2022,S08,Miami-Dade,S08-2022-P4,Tygress,certified,327.8,21.4,28.4,310.1,1.3,6.36,856.0,4.43,56.2
2022,S08,Miami-Dade,S08-2022-P5,Sanibel,regional,353.0,20.76,27.55,261.6,3.21,6.56,701.0,38.43,389.0
2022,S08,Miami-Dade,S08-2022-P6,Sanibel,certified,375.0,21.43,29.21,317.5,4.12,6.16,570.0,28.2,341.6
2023,S01,Manatee,S01-2023-P1,Sanibel,on-farm,291.5,23.29,30.75,260.8,3.39,7.11,245.0,36.36,506.7
2023,S01,Manatee,S01-2023-P2,FL-8000,certified,302.5,23.47,30.99,576.0,3.65,6.67,85.0,59.11,717.2
2023,S01,Manatee,S01-2023-P3,Sebring,on-farm,288.1,23.94,31.2,348.5,2.23,6.46,534.0,28.87,367.5
2023,S01,Manatee,S01-2023-P4,Sanibel,regional,282.7,23.55,29.78,334.7,3.14,6.43,770.0,10.4,125.1
2023,S01,Manatee,S01-2023-P5,HM-1823,regional,315.4,24.87,30.76,152.0,4.01,6.25,872.0,53.48,631.4
2023,S01,Manatee,S01-2023-P6,Sebring,regional,319.6,23.48,29.88,414.2,5.08,6.46,28.0,34.82,407.8
2023,S02,Manatee,S02-2023-P1,HM-1823,certified,382.8,23.25,30.64,542.0,2.0,6.15,629.0,61.02,832.8
2023,S02,Manatee,S02-2023-P2,FL-8000,on-farm,367.5,23.08,30.31,381.7,2.8,6.52,556.0,59.57,712.2
2023,S02,Manatee,S02-2023-P3,Sebring,on-farm,358.8,23.08,30.04,439.8,2.91,6.49,517.0,35.77,376.5
2023,S02,Manatee,S02-2023-P4,HM-1823,certified,366.5,23.22,30.32,184.6,2.53,5.86,153.0,44.28,519.8
2023,S02,Manatee,S02-2023-P5,FL-8000,certified,325.7,22.7,28.38,265.9,3.35,6.76,468.0,37.0,478.8
2023,S02,Manatee,S02-2023-P6,FL-8000,regional,355.6,24.42,31.03,531.9,2.59,6.6,373.0,50.42,533.9
2023,S03,Hillsborough,S03-2023-P1,FL-8000,certified,287.4,23.25,29.99,379.6,3.52,6.74,534.0,37.44,417.4
2023,S03,Hillsborough,S03-2023-P2,Sebring,certified,299.4,22.59,29.5,357.2,3.26,6.13,870.0,66.57,757.8
2023,S03,Hillsborough,S03-2023-P3,Sebring,regional,281.3,22.27,28.62,226.8,3.65,6.75,645.0,35.75,444.8
2023,S03,Hillsborough,S03-2023-P4,Sebring,on-farm,303.0,22.38,28.68,0.0,4.02,6.22,529.0,21.09,278.7
2023,S03,Hillsborough,S03-2023-P5,FL-8000,regional,296.5,21.72,27.97,399.5,3.85,6.46,42.0,64.99,757.1
2023,S03,Hillsborough,S03-2023-P6,FL-8000,regional,295.6,22.49,29.67,220.0,2.16,6.71,368.0,2.16,21.5
2023,S04,Hillsborough,S04-2023-P1,Sebring,certified,290.9,23.5,30.54,314.4,3.65,6.5,513.0,30.71,389.6
2023,S04,Hillsborough,S04-2023-P2,Sanibel,on-farm,306.8,23.31,30.29,284.3,1.72,6.02,757.0,23.58,313.6
2023,S04,Hillsborough,S04-2023-P3,Sebring,on-farm,306.9,23.49,29.65,352.8,2.85,6.33,863.0,47.11,489.5
2023,S04,Hillsborough,S04-2023-P4,Sanibel,certified,302.4,24.66,30.57,320.3,2.37,6.62,591.0,35.52,369.3
2023,S04,Hillsborough,S04-2023-P5,FL-8000,certified,313.3,24.74,31.36,364.1,3.85,6.62,834.0,42.85,531.5
2023,S04,Hillsborough,S04-2023-P6,Sanibel,certified,309.8,24.31,30.24,286.4,3.34,6.13,786.0,47.56,588.4
2023,S05,Collier,S05-2023-P1,Sanibel,on-farm,386.9,23.44,30.04,388.6,2.69,5.38,682.0,64.29,676.3
2023,S05,Collier,S05-2023-P2,Sanibel,on-farm,318.2,24.16,30.29,290.5,1.8,6.44,310.0,5.88,64.5
2023,S05,Collier,S05-2023-P3,Tygress,regional,356.3,24.48,31.37,447.8,2.76,6.29,295.0,41.4,516.9
2023,S05,Collier,S05-2023-P4,Tygress,certified,343.6,23.09,29.3,169.3,3.15,6.32,266.0,13.73,177.9
2023,S05,Collier,S05-2023-P5,Tygress,on-farm,369.4,23.68,30.68,394.4,2.73,6.67,430.0,21.93,259.2
2023,S05,Collier,S05-2023-P6,HM-1823,on-farm,346.2,24.02,30.82,338.8,3.63,7.41,250.0,50.88,610.9
2023,S06,Collier,S06-2023-P1,FL-8000,certified,302.2,22.21,29.11,253.3,3.36,6.42,135.0,29.36,334.7
2023,S06,Collier,S06-2023-P2,HM-1823,regional,278.4,21.46,28.46,411.4,1.53,6.66,225.0,39.03,438.7
2023,S06,Collier,S06-2023-P3,HM-1823,regional,299.0,21.15,27.39,363.8,3.19,6.28,355.0,21.27,189.1
2023,S06,Collier,S06-2023-P4,FL-8000,certified,302.7,21.22,28.98,258.0,3.46,6.59,93.0,21.21,220.7
2023,S06,Collier,S06-2023-P5,Sanibel,on-farm,317.2,20.92,28.63,326.5,3.35,5.89,307.0,28.65,304.0
2023,S06,Collier,S06-2023-P6,Tygress,certified,301.9,21.15,27.93,384.3,2.71,6.88,494.0,12.62,119.9
2023,S07,Miami-Dade,S07-2023-P1,FL-8000,regional,334.6,23.49,29.67,322.6,3.75,6.21,235.0,33.13,354.6
2023,S07,Miami-Dade,S07-2023-P2,Sebring,on-farm,350.0,25.32,31.87,255.3,2.69,6.69,649.0,30.32,330.5
2023,S07,Miami-Dade,S07-2023-P3,Sanibel,on-farm,355.6,25.03,31.9,477.4,3.17,5.62,444.0,54.6,665.8
2023,S07,Miami-Dade,S07-2023-P4,Sebring,regional,374.7,23.61,29.57,211.0,2.59,6.4,293.0,29.49,342.3
2023,S07,Miami-Dade,S07-2023-P5,FL-8000,certified,363.0,24.81,31.17,238.1,2.9,6.4,551.0,58.71,756.7
2023,S07,Miami-Dade,S07-2023-P6,HM-1823,regional,361.5,24.17,31.37,355.6,3.67,6.47,120.0,70.57,837.2
2023,S08,Miami-Dade,S08-2023-P1,FL-8000,certified,299.9,22.43,29.42,337.6,3.74,6.02,508.0,56.6,604.3
2023,S08,Miami-Dade,S08-2023-P2,Sanibel,certified,360.5,22.54,29.07,313.3,1.53,6.85,25.0,13.82,167.4
2023,S08,Miami-Dade,S08-2023-P3,Tygress,certified,361.0,22.53,29.44,423.7,1.82,5.94,224.0,35.91,432.8
2023,S08,Miami-Dade,S08-2023-P4,Tygress,on-farm,319.8,23.53,30.51,196.1,3.29,6.61,148.0,17.71,187.9
2023,S08,Miami-Dade,S08-2023-P5,Sanibel,regional,304.2,22.17,28.07,461.4,,6.07,710.0,44.54,618.6
2023,S08,Miami-Dade,S08-2023-P6,HM-1823,on-farm,294.0,23.28,30.43,170.4,3.29,6.8,67.0,41.12,562.9
2024,S01,Manatee,S01-2024-P1,Sanibel,regional,270.0,23.85,30.98,177.8,2.79,6.75,221.0,19.52,242.9
2024,S01,Manatee,S01-2024-P2,Sebring,on-farm,297.2,23.83,29.5,189.3,2.86,6.32,698.0,54.85,654.1
2024,S01,Manatee,S01-2024-P3,Sanibel,certified,291.8,23.98,31.38,285.6,3.23,6.08,790.0,64.82,682.4
2024,S01,Manatee,S01-2024-P4,Tygress,regional,274.2,24.46,31.33,260.3,2.59,5.45,453.0,16.0,206.0
2024,S01,Manatee,S01-2024-P5,Sanibel,certified,289.3,24.67,31.04,330.9,4.45,6.39,604.0,53.81,558.6
2024,S01,Manatee,S01-2024-P6,Tygress,regional,323.5,24.37,31.33,129.7,1.91,6.05,226.0,12.79,135.5
2024,S02,Manatee,S02-2024-P1,FL-8000,certified,275.6,25.38,32.48,169.6,3.12,6.86,509.0,46.51,514.2
2024,S02,Manatee,S02-2024-P2,Tygress,certified,304.2,25.53,32.6,416.3,3.61,6.32,709.0,46.16,545.7
2024,S02,Manatee,S02-2024-P3,FL-8000,regional,281.3,25.55,32.14,398.1,3.46,6.7,791.0,85.88,1142.2
2024,S02,Manatee,S02-2024-P4,Tygress,certified,264.1,25.64,32.8,314.9,3.51,6.69,278.0,64.98,889.9
2024,S02,Manatee,S02-2024-P5,FL-8000,on-farm,273.6,25.84,33.89,400.5,2.68,6.51,372.0,75.92,967.5
2024,S02,Manatee,S02-2024-P6,FL-8000,certified,282.7,25.96,32.05,301.6,3.14,6.18,724.0,64.85,713.9
2024,S03,Hillsborough,S03-2024-P1,Sebring,on-farm,262.8,23.85,30.22,368.3,2.18,6.75,107.0,59.78,722.3
2024,S03,Hillsborough,S03-2024-P2,FL-8000,on-farm,239.5,24.42,31.64,316.4,2.98,6.29,673.0,75.16,725.8
2024,S03,Hillsborough,S03-2024-P3,Sebring,on-farm,244.7,24.49,30.85,362.5,2.14,6.68,896.0,54.12,557.0
2024,S03,Hillsborough,S03-2024-P4,Sebring,certified,278.1,24.39,31.17,552.1,3.37,5.93,717.0,85.33,1028.9
2024,S03,Hillsborough,S03-2024-P5,Sanibel,certified,268.6,23.66,30.18,179.4,2.78,6.2,390.0,10.42,123.6
2024,S03,Hillsborough,S03-2024-P6,Sanibel,certified,228.7,23.99,30.46,171.4,3.3,7.35,597.0,66.91,867.3
2024,S04,Hillsborough,S04-2024-P1,Sebring,certified,326.2,25.19,31.05,372.2,2.89,6.13,723.0,29.9,366.2
2024,S04,Hillsborough,S04-2024-P2,Sebring,regional,317.4,25.44,32.74,243.7,3.92,6.4,223.0,60.99,773.7
2024,S04,Hillsborough,S04-2024-P3,HM-1823,on-farm,280.1,25.31,32.08,376.6,3.75,6.57,836.0,61.63,606.4
2024,S04,Hillsborough,S04-2024-P4,Tygress,certified,293.6,25.17,32.12,134.8,1.65,6.17,808.0,14.55,163.3
2024,S04,Hillsborough,S04-2024-P5,FL-8000,on-farm,301.3,24.9,32.42,426.0,3.23,6.38,165.0,26.4,299.0
2024,S04,Hillsborough,S04-2024-P6,FL-8000,on-farm,285.2,24.94,31.98,490.9,3.86,6.34,642.0,88.59,896.5
2024,S05,Collier,S05-2024-P1,Sanibel,certified,303.0,25.65,32.14,250.0,3.24,6.65,571.0,81.78,963.0
2024,S05,Collier,S05-2024-P2,Sebring,certified,262.1,25.58,31.64,310.6,1.38,6.35,355.0,56.25,623.0
2024,S05,Collier,S05-2024-P3,Sanibel,on-farm,297.1,24.49,31.17,377.0,,6.63,335.0,69.95,766.8
2024,S05,Collier,S05-2024-P4,FL-8000,on-farm,291.6,26.0,33.07,299.2,4.28,6.66,671.0,88.91,1033.2
2024,S05,Collier,S05-2024-P5,Sanibel,certified,302.0,25.62,32.71,317.9,4.02,6.09,124.0,67.32,681.8
2024,S05,Collier,S05-2024-P6,FL-8000,certified,288.0,25.13,32.21,137.9,3.62,6.88,817.0,70.35,751.8
2024,S06,Collier,S06-2024-P1,Sebring,certified,264.9,24.75,31.8,217.7,3.47,6.78,288.0,65.9,789.9
2024,S06,Collier,S06-2024-P2,Tygress,regional,297.0,25.02,32.89,195.2,3.95,6.69,782.0,25.72,338.1
2024,S06,Collier,S06-2024-P3,Tygress,certified,259.8,25.09,32.12,287.5,2.18,6.33,883.0,12.55,157.4
2024,S06,Collier,S06-2024-P4,FL-8000,certified,263.3,24.57,32.31,231.8,3.46,6.29,430.0,74.22,827.8
2024,S06,Collier,S06-2024-P5,Sebring,regional,260.5,23.62,31.21,294.7,2.52,6.35,621.0,9.75,113.8
2024,S06,Collier,S06-2024-P6,FL-8000,certified,261.5,24.82,31.21,360.5,3.54,5.93,548.0,83.18,1007.1
2024,S07,Miami-Dade,S07-2024-P1,FL-8000,regional,313.0,24.91,31.12,321.3,3.0,6.72,578.0,70.79,809.7
2024,S07,Miami-Dade,S07-2024-P2,FL-8000,certified,311.9,23.6,29.9,443.8,3.49,6.3,614.0,62.38,790.7
2024,S07,Miami-Dade,S07-2024-P3,Tygress,on-farm,283.5,24.44,30.99,266.8,2.18,6.47,278.0,18.35,234.0
2024,S07,Miami-Dade,S07-2024-P4,Sanibel,certified,261.3,23.43,30.41,424.1,3.6,6.69,422.0,33.99,480.8
2024,S07,Miami-Dade,S07-2024-P5,FL-8000,certified,291.7,24.39,31.43,426.1,4.21,6.6,571.0,89.8,951.2
2024,S07,Miami-Dade,S07-2024-P6,Sanibel,on-farm,325.4,24.84,32.0,370.2,2.21,6.64,701.0,27.78,294.5
2024,S08,Miami-Dade,S08-2024-P1,HM-1823,regional,311.0,24.29,31.32,369.5,2.13,6.92,790.0,78.96,800.3
2024,S08,Miami-Dade,S08-2024-P2,Sebring,certified,283.8,24.53,30.18,265.4,2.67,6.32,579.0,55.52,697.4
2024,S08,Miami-Dade,S08-2024-P3,FL-8000,certified,246.7,24.36,30.1,314.4,2.43,6.48,755.0,49.93,628.2
2024,S08,Miami-Dade,S08-2024-P4,HM-1823,certified,274.1,24.28,31.19,297.8,2.95,6.91,739.0,81.18,1008.4
2024,S08,Miami-Dade,S08-2024-P5,FL-8000,certified,293.0,24.81,32.16,385.9,3.65,6.45,680.0,79.53,972.3
2024,S08,Miami-Dade,S08-2024-P6,Sebring,certified,257.9,24.01,30.53,187.8,3.03,6.25,322.0,59.58,742.6
2025,S01,Manatee,S01-2025-P1,FL-8000,regional,210.6,24.84,31.21,104.8,1.39,6.32,89.0,5.73,68.2
2025,S01,Manatee,S01-2025-P2,Sebring,certified,221.6,25.42,31.63,298.0,2.08,6.37,841.0,22.6,243.5
2025,S01,Manatee,S01-2025-P3,Sebring,certified,217.0,25.08,32.26,333.4,4.23,6.08,828.0,39.78,408.5
2025,S01,Manatee,S01-2025-P4,Tygress,certified,217.9,25.36,32.27,163.9,3.18,6.38,578.0,44.77,595.7
2025,S01,Manatee,S01-2025-P5,Sanibel,regional,214.9,25.5,32.1,209.5,3.28,6.12,20.0,10.08,129.8
2025,S01,Manatee,S01-2025-P6,Sanibel,certified,205.1,25.91,32.41,271.9,,6.68,106.0,9.15,90.0
2025,S02,Manatee,S02-2025-P1,FL-8000,regional,213.9,25.92,32.55,146.4,3.97,6.35,881.0,23.52,223.8
2025,S02,Manatee,S02-2025-P2,HM-1823,on-farm,218.6,24.08,30.21,333.0,2.25,5.44,560.0,81.47,916.6
2025,S02,Manatee,S02-2025-P3,Sanibel,on-farm,214.1,24.12,30.38,190.2,4.28,6.66,542.0,17.14,205.1
2025,S02,Manatee,S02-2025-P4,Tygress,certified,223.4,26.0,33.58,148.1,3.6,6.51,818.0,15.42,191.2
2025,S02,Manatee,S02-2025-P5,HM-1823,regional,262.4,25.13,31.64,496.9,3.64,6.37,703.0,40.94,419.2
2025,S02,Manatee,S02-2025-P6,Sanibel,certified,214.7,24.88,30.78,194.2,3.03,6.52,871.0,12.25,138.0
2025,S03,Hillsborough,S03-2025-P1,Tygress,on-farm,187.5,24.38,30.9,106.6,3.85,6.49,358.0,19.49,210.0
2025,S03,Hillsborough,S03-2025-P2,FL-8000,regional,235.8,26.01,32.34,236.5,3.2,6.62,421.0,50.02,454.0
2025,S03,Hillsborough,S03-2025-P3,FL-8000,on-farm,221.7,24.94,31.11,222.3,2.9,6.55,197.0,45.0,503.4
2025,S03,Hillsborough,S03-2025-P4,Tygress,regional,231.8,24.59,30.8,195.8,2.21,6.11,884.0,2.6,28.4
2025,S03,Hillsborough,S03-2025-P5,HM-1823,regional,188.7,25.44,31.84,77.6,3.08,6.73,875.0,32.78,387.8
2025,S03,Hillsborough,S03-2025-P6,Sebring,on-farm,258.3,24.27,31.04,272.9,4.48,6.11,428.0,71.92,781.0
2025,S04,Hillsborough,S04-2025-P1,Tygress,regional,239.4,24.72,31.46,209.8,1.97,6.42,288.0,14.89,163.9
2025,S04,Hillsborough,S04-2025-P2,Sanibel,on-farm,209.5,25.26,31.59,213.2,3.36,6.3,98.0,50.94,541.4
2025,S04,Hillsborough,S04-2025-P3,Sebring,on-farm,209.2,23.93,30.01,250.7,3.24,6.28,208.0,34.88,363.0
2025,S04,Hillsborough,S04-2025-P4,FL-8000,certified,226.1,23.98,30.71,281.4,3.7,6.04,751.0,18.93,214.6
2025,S04,Hillsborough,S04-2025-P5,Tygress,certified,217.9,24.01,30.26,191.4,3.19,6.98,839.0,14.1,154.8
2025,S04,Hillsborough,S04-2025-P6,FL-8000,on-farm,211.0,24.11,30.46,181.6,3.79,5.77,661.0,28.03,303.3
2025,S05,Collier,S05-2025-P1,Sanibel,certified,191.5,26.41,33.14,225.6,3.83,6.25,100.0,13.31,159.5
2025,S05,Collier,S05-2025-P2,FL-8000,certified,195.3,26.38,33.16,199.8,2.09,6.27,294.0,49.34,601.0
2025,S05,Collier,S05-2025-P3,FL-8000,certified,152.0,25.8,32.63,169.5,3.28,6.81,726.0,54.39,759.7
2025,S05,Collier,S05-2025-P4,FL-8000,certified,182.8,25.91,32.36,243.6,1.62,6.56,604.0,35.18,384.7
2025,S05,Collier,S05-2025-P5,FL-8000,certified,175.4,24.74,32.04,159.8,2.76,6.2,485.0,44.69,504.0
2025,S05,Collier,S05-2025-P6,Sebring,certified,151.9,27.2,33.56,71.7,4.24,6.5,874.0,24.7,226.5
2025,S06,Collier,S06-2025-P1,FL-8000,certified,201.5,25.27,31.13,132.2,3.7,6.49,403.0,56.12,578.8
2025,S06,Collier,S06-2025-P2,Tygress,regional,217.4,24.19,30.89,209.3,,5.98,165.0,14.32,198.7
2025,S06,Collier,S06-2025-P3,HM-1823,certified,184.7,24.89,32.23,251.3,2.74,6.64,225.0,41.81,466.7
2025,S06,Collier,S06-2025-P4,Sanibel,regional,199.3,24.9,32.18,182.4,,7.32,899.0,35.27,422.6
2025,S06,Collier,S06-2025-P5,Sanibel,certified,189.7,25.09,31.53,315.3,4.23,6.02,369.0,35.6,383.6
2025,S06,Collier,S06-2025-P6,FL-8000,certified,237.4,24.52,31.02,252.4,1.89,5.84,638.0,18.16,216.3
2025,S07,Miami-Dade,S07-2025-P1,Tygress,certified,203.0,25.03,31.02,170.9,3.36,6.96,564.0,12.14,152.5
2025,S07,Miami-Dade,S07-2025-P2,Sanibel,certified,218.6,25.37,31.77,119.8,2.82,7.01,157.0,9.3,115.5
2025,S07,Miami-Dade,S07-2025-P3,Tygress,certified,210.0,25.03,31.66,317.4,3.28,6.42,160.0,17.8,166.8
2025,S07,Miami-Dade,S07-2025-P4,Sanibel,on-farm,184.5,24.79,32.47,197.2,2.75,6.7,418.0,13.02,157.1
2025,S07,Miami-Dade,S07-2025-P5,FL-8000,regional,208.9,24.62,30.76,331.0,3.86,6.22,26.0,68.32,682.7
2025,S07,Miami-Dade,S07-2025-P6,Sebring,regional,232.7,24.56,31.45,260.2,4.14,5.87,307.0,64.96,819.8
2025,S08,Miami-Dade,S08-2025-P1,HM-1823,on-farm,181.8,24.36,31.32,303.8,3.38,6.15,480.0,76.13,911.7
2025,S08,Miami-Dade,S08-2025-P2,Sebring,certified,183.1,24.5,31.07,420.5,3.52,6.15,175.0,35.37,389.6
2025,S08,Miami-Dade,S08-2025-P3,FL-8000,certified,183.0,23.99,31.01,98.2,2.94,6.8,584.0,24.87,298.0
2025,S08,Miami-Dade,S08-2025-P4,Sebring,on-farm,159.3,23.96,31.86,196.5,4.29,6.0,67.0,13.79,146.8
2025,S08,Miami-Dade,S08-2025-P5,FL-8000,on-farm,197.0,23.94,30.43,204.2,,6.42,81.0,57.18,692.4
2025,S08,Miami-Dade,S08-2025-P6,Sanibel,on-farm,220.6,24.36,31.42,305.4,3.4,6.03,515.0,51.23,573.3
